order_id,customer_id,product,amount,order_date,status
1.0,103.0,Product_19,502.19,2025-11-12,Complete
2.0,119.0,Product_47,572.12,07/01/2025,done
3.0,142.0,Product_62,521.0,04-16-2025,pending
,322.0,Product_18,,04-11-2024,completed
5.0,345.0,Product_1,,13/04/2024,done
6.0,313.0,Product_46,,2025-07-31,canceled
7.0,274.0,Product_13,,08-13-2025,done
8.0,164.0,Product_11,200.29,07-23-2025,canceled
9.0,161.0,Product_8,249.1,2024-10-12,canceled
10.0,58.0,Product_45,94.8,21/11/2024,Complete
11.0,541.0,Product_30,346.12,05-12-2024,refunded
12.0,414.0,Product_47,903.63,2025-09-17,refunded
13.0,296.0,Product_37,440.39,05-01-2024,refunded
14.0,462.0,Product_25,506.94,2024-08-25,refunded
15.0,410.0,Product_34,801.07,03/05/2024,done
16.0,181.0,Product_64,283.89,2024-12-06,canceled
17.0,192.0,Product_24,284.78,2025-01-31,completed
18.0,81.0,Product_70,32.7,2025-07-26,Complete
,432.0,Product_42,978.87,2025-07-22,completed
20.0,78.0,Product_34,407.2,13/10/2025,refunded
21.0,189.0,Product_11,876.3,02-16-2025,pending
22.0,95.0,Product_28,657.29,2024-08-05,done
23.0,382.0,Product_10,,03/02/2026,Complete
24.0,61.0,Product_11,556.09,2025-07-18,canceled
25.0,93.0,Product_25,511.35,23/11/2025,Complete
26.0,133.0,Product_13,877.53,03-08-2025,refunded
27.0,486.0,Product_70,777.62,2024-04-04,done
28.0,176.0,Product_40,966.27,2024-05-08,done
29.0,373.0,Product_57,,2024-06-08,done
30.0,511.0,Product_64,347.99,2025-07-30,completed
31.0,446.0,Product_46,158.22,22/04/2025,canceled
32.0,37.0,Product_43,775.23,09-17-2024,Complete
33.0,270.0,Product_33,366.32,12-26-2025,pending
34.0,134.0,Product_18,459.61,12-11-2024,refunded
35.0,440.0,Product_13,526.29,2024-03-15,pending
36.0,501.0,Product_60,,2026-01-27,canceled
37.0,105.0,Product_58,984.64,05/05/2024,done
38.0,210.0,Product_53,780.92,06-27-2025,refunded
39.0,35.0,Product_5,854.61,31/08/2025,canceled
40.0,136.0,Product_67,412.4,2024-12-09,pending
41.0,20.0,Product_26,,21/06/2025,done
42.0,385.0,Product_50,505.41,2025-06-25,canceled
43.0,240.0,Product_1,166.65,02-12-2026,refunded
,523.0,Product_45,704.01,11-14-2024,canceled
,546.0,Product_16,832.86,02-27-2026,refunded
46.0,211.0,Product_65,666.18,07-15-2025,canceled
47.0,374.0,Product_60,33.84,26/06/2025,pending
48.0,40.0,Product_7,225.64,01/03/2026,pending
49.0,515.0,Product_64,432.41,2025-04-22,refunded
50.0,160.0,Product_69,354.18,2026-01-22,refunded
51.0,149.0,Product_46,388.97,06-23-2024,refunded
52.0,,Product_53,871.51,2024-03-03,completed
53.0,432.0,Product_70,541.47,05-18-2024,refunded
54.0,,Product_16,454.31,2025-05-10,Complete
55.0,312.0,Product_44,267.12,2024-08-29,refunded
56.0,473.0,Product_8,665.41,02/02/2025,pending
57.0,443.0,Product_47,548.48,2025-02-05,completed
58.0,318.0,Product_50,592.22,06-09-2025,done
59.0,545.0,Product_23,116.25,04-17-2024,canceled
60.0,265.0,Product_2,173.15,2024-12-16,Complete
61.0,133.0,Product_34,,06-30-2025,canceled
62.0,523.0,Product_1,,2025-12-07,pending
63.0,542.0,Product_62,76.52,19/06/2025,done
64.0,531.0,Product_18,727.4,2025-01-07,canceled
65.0,,Product_14,957.19,05/12/2025,canceled
66.0,82.0,Product_62,789.96,2025-07-02,done
67.0,504.0,Product_55,931.86,30/07/2024,refunded
68.0,459.0,Product_10,641.56,08/09/2025,canceled
69.0,250.0,Product_18,768.15,2024-06-20,refunded
70.0,149.0,Product_56,712.48,25/11/2024,done
71.0,524.0,Product_4,707.42,2026-01-27,pending
72.0,,Product_60,918.82,08/03/2025,canceled
73.0,46.0,Product_13,162.54,2026-01-07,pending
74.0,354.0,Product_47,270.06,03-15-2024,Complete
75.0,529.0,Product_34,322.17,30/07/2024,refunded
76.0,,Product_2,415.07,01-17-2025,refunded
77.0,414.0,Product_14,71.84,2024-08-01,refunded
78.0,252.0,Product_57,927.63,20/01/2025,Complete
79.0,2.0,Product_13,312.29,09-25-2024,canceled
80.0,373.0,Product_41,,2026-02-04,pending
81.0,323.0,Product_69,,22/06/2025,refunded
82.0,220.0,Product_59,84.21,2024-11-16,canceled
83.0,295.0,Product_4,203.52,22/04/2024,Complete
84.0,514.0,Product_19,,20/07/2024,Complete
,141.0,Product_45,217.27,2025-02-21,completed
86.0,398.0,Product_14,247.84,03-12-2024,Complete
87.0,369.0,Product_9,144.86,2025-12-21,canceled
88.0,474.0,Product_58,748.4,07-02-2024,pending
,90.0,Product_3,841.18,2024-06-03,pending
90.0,265.0,Product_41,,12-04-2025,completed
91.0,369.0,Product_17,162.4,2024-04-27,canceled
92.0,459.0,Product_28,989.45,2024-09-13,pending
93.0,36.0,Product_42,276.29,03/03/2024,refunded
94.0,111.0,Product_54,849.73,2025-03-13,pending
95.0,297.0,Product_6,880.21,2026-02-12,Complete
96.0,504.0,Product_67,317.14,01-31-2025,refunded
97.0,7.0,Product_23,224.17,03-25-2025,refunded
98.0,58.0,Product_27,705.94,13/04/2025,completed
99.0,13.0,Product_53,713.99,08-26-2025,Complete
100.0,335.0,Product_51,840.83,2024-05-07,done
101.0,17.0,Product_21,687.44,2024-11-18,pending
102.0,41.0,Product_30,175.75,06-08-2025,completed
103.0,193.0,Product_31,,01-09-2026,completed
104.0,38.0,Product_11,,03/08/2025,refunded
105.0,67.0,Product_1,30.45,29/10/2024,Complete
106.0,73.0,Product_28,840.07,26/08/2024,done
107.0,18.0,Product_47,,31/10/2025,canceled
108.0,124.0,Product_54,835.87,05/11/2025,done
109.0,295.0,Product_19,834.13,2024-11-01,pending
110.0,138.0,Product_13,823.56,05-13-2025,done
111.0,437.0,Product_37,566.61,22/03/2025,done
112.0,48.0,Product_15,148.6,10-07-2025,canceled
113.0,,Product_5,408.87,03/09/2025,completed
114.0,98.0,Product_44,949.3,2026-01-15,completed
115.0,502.0,Product_45,547.11,2025-08-21,canceled
116.0,406.0,Product_7,590.84,03/08/2025,Complete
117.0,449.0,Product_33,785.59,07-20-2024,canceled
118.0,263.0,Product_9,59.49,10-30-2024,done
119.0,371.0,Product_65,,10-10-2024,Complete
120.0,29.0,Product_17,898.46,07-30-2024,pending
121.0,99.0,Product_55,536.33,08-02-2025,pending
122.0,345.0,Product_48,497.26,12/12/2025,refunded
123.0,,Product_58,684.06,04-18-2024,completed
124.0,176.0,Product_14,821.7,10/12/2024,Complete
125.0,138.0,Product_26,12.53,05-11-2024,Complete
126.0,473.0,Product_45,734.52,21/11/2025,done
127.0,,Product_45,890.84,04-04-2025,completed
,355.0,Product_17,,07-21-2025,done
129.0,49.0,Product_52,965.22,06-28-2025,refunded
130.0,301.0,Product_70,855.6,14/03/2024,done
131.0,319.0,Product_27,572.47,23/04/2025,completed
132.0,473.0,Product_25,251.74,2025-12-31,Complete
133.0,549.0,Product_68,415.18,08-11-2024,refunded
134.0,346.0,Product_61,,2025-07-27,Complete
135.0,264.0,Product_17,318.2,06/03/2024,Complete
136.0,498.0,Product_13,482.33,07-08-2024,refunded
137.0,294.0,Product_36,567.23,24/02/2025,Complete
138.0,436.0,Product_18,348.2,10-05-2025,refunded
139.0,70.0,Product_7,,05-01-2024,canceled
140.0,325.0,Product_14,,2024-11-18,canceled
141.0,,Product_37,779.48,11-14-2024,completed
142.0,317.0,Product_41,100.53,2025-05-06,pending
143.0,511.0,Product_11,846.31,09-24-2024,canceled
144.0,220.0,Product_29,420.62,02-13-2025,completed
145.0,458.0,Product_38,894.25,28/06/2024,canceled
146.0,533.0,Product_15,80.51,01-29-2025,canceled
147.0,27.0,Product_51,34.91,2025-01-04,refunded
148.0,98.0,Product_38,,16/10/2025,canceled
149.0,170.0,Product_30,650.49,2024-10-24,Complete
150.0,139.0,Product_26,574.92,17/03/2024,canceled
151.0,207.0,Product_49,543.59,26/11/2025,canceled
152.0,145.0,Product_33,729.76,2024-05-19,canceled
153.0,53.0,Product_45,361.64,12/04/2024,done
154.0,271.0,Product_28,384.67,04-29-2025,pending
155.0,240.0,Product_32,437.3,10-03-2025,canceled
156.0,428.0,Product_58,553.81,08/10/2024,done
157.0,127.0,Product_67,,07-01-2025,Complete
158.0,199.0,Product_60,44.23,06-04-2024,pending
159.0,325.0,Product_22,643.23,02/10/2025,canceled
160.0,191.0,Product_60,174.87,2024-07-08,refunded
161.0,281.0,Product_2,,02/01/2025,done
162.0,500.0,Product_70,262.64,25/12/2024,canceled
163.0,31.0,Product_42,959.91,2025-07-15,done
164.0,74.0,Product_60,682.63,2025-01-25,Complete
165.0,361.0,Product_64,857.73,01-16-2026,refunded
166.0,333.0,Product_7,562.29,2024-12-11,pending
167.0,523.0,Product_47,495.57,2025-05-29,completed
168.0,349.0,Product_20,633.11,2025-07-07,pending
169.0,278.0,Product_36,752.33,12/12/2025,refunded
170.0,254.0,Product_70,43.32,02/06/2025,Complete
171.0,88.0,Product_11,942.8,2025-12-20,done
172.0,375.0,Product_11,301.29,08-05-2024,done
173.0,302.0,Product_57,105.89,2024-07-01,Complete
174.0,393.0,Product_6,159.59,10-27-2025,canceled
175.0,79.0,Product_3,,08-31-2024,refunded
176.0,436.0,Product_8,648.69,05-25-2024,pending
177.0,57.0,Product_39,467.84,2024-10-15,done
178.0,380.0,Product_2,678.87,23/09/2025,done
179.0,57.0,Product_30,333.1,2024-12-07,done
180.0,8.0,Product_57,33.6,11-17-2024,done
181.0,376.0,Product_52,835.01,2025-01-21,done
182.0,245.0,Product_22,598.97,2024-07-26,pending
183.0,166.0,Product_36,,27/02/2026,Complete
184.0,94.0,Product_57,962.77,03/03/2025,pending
185.0,426.0,Product_44,355.54,2024-12-24,refunded
186.0,490.0,Product_41,931.62,08-04-2024,Complete
187.0,66.0,Product_47,140.16,04-28-2024,done
188.0,,Product_43,968.21,27/04/2024,done
189.0,206.0,Product_15,554.51,16/06/2024,refunded
190.0,236.0,Product_55,309.43,08-15-2025,Complete
191.0,177.0,Product_10,290.44,2024-08-02,pending
192.0,259.0,Product_34,470.16,06/04/2025,completed
193.0,338.0,Product_5,912.15,05/07/2024,completed
194.0,259.0,Product_61,626.57,2024-11-08,refunded
,16.0,Product_14,411.11,13/07/2024,completed
196.0,467.0,Product_25,527.15,04-02-2025,refunded
197.0,404.0,Product_44,78.38,2024-11-07,Complete
198.0,88.0,Product_43,271.91,2025-10-06,done
199.0,59.0,Product_21,627.08,10-09-2024,refunded
200.0,86.0,Product_55,896.29,07/10/2024,refunded
201.0,204.0,Product_12,16.21,2025-02-09,pending
202.0,92.0,Product_65,50.04,2025-12-23,refunded
203.0,140.0,Product_20,370.26,2024-06-11,pending
204.0,393.0,Product_2,190.2,29/04/2025,pending
205.0,41.0,Product_23,757.81,28/03/2025,refunded
,222.0,Product_1,242.53,03-02-2024,completed
207.0,122.0,Product_14,591.65,24/01/2025,canceled
208.0,206.0,Product_54,336.59,14/01/2025,completed
209.0,412.0,Product_20,482.49,10-28-2025,completed
210.0,319.0,Product_66,,10-10-2024,refunded
211.0,149.0,Product_5,299.07,16/07/2025,pending
212.0,208.0,Product_11,132.39,23/11/2024,completed
213.0,360.0,Product_38,72.35,11-25-2024,done
214.0,130.0,Product_8,85.56,2024-03-31,done
215.0,235.0,Product_39,468.46,2024-12-05,pending
216.0,14.0,Product_35,596.66,2024-09-01,done
217.0,315.0,Product_13,367.8,04/01/2026,done
218.0,280.0,Product_12,279.47,2026-02-18,canceled
219.0,345.0,Product_10,78.26,26/11/2024,Complete
220.0,212.0,Product_29,40.45,04/10/2025,pending
,33.0,Product_16,973.77,18/06/2025,done
222.0,434.0,Product_67,215.82,20/12/2024,canceled
223.0,396.0,Product_28,53.54,05-10-2025,refunded
224.0,,Product_8,941.82,2024-06-16,pending
225.0,216.0,Product_46,593.83,2024-08-01,Complete
226.0,447.0,Product_59,,08-30-2025,Complete
227.0,530.0,Product_54,161.16,14/11/2024,Complete
228.0,,Product_3,398.47,17/08/2025,done
229.0,194.0,Product_33,876.91,05-31-2025,done
230.0,21.0,Product_44,381.56,04/06/2024,canceled
231.0,308.0,Product_59,990.15,04-02-2024,refunded
232.0,502.0,Product_25,,07/08/2025,pending
233.0,1.0,Product_7,962.27,10-02-2025,done
234.0,116.0,Product_58,,21/02/2026,pending
235.0,336.0,Product_20,,2025-07-01,refunded
236.0,184.0,Product_20,248.2,16/07/2025,completed
237.0,296.0,Product_45,880.07,09-18-2025,canceled
238.0,265.0,Product_55,256.04,31/05/2024,Complete
239.0,123.0,Product_34,512.01,05-03-2025,refunded
240.0,113.0,Product_35,469.78,11/11/2025,pending
241.0,396.0,Product_62,673.12,10/07/2024,pending
242.0,445.0,Product_7,491.05,10-01-2025,done
243.0,324.0,Product_13,980.12,26/05/2025,completed
244.0,197.0,Product_41,789.86,2025-02-03,pending
245.0,219.0,Product_58,837.61,27/05/2025,done
246.0,155.0,Product_2,336.07,15/01/2026,completed
247.0,84.0,Product_60,582.64,21/07/2025,refunded
248.0,175.0,Product_45,88.83,2025-01-11,Complete
249.0,517.0,Product_15,994.09,2024-10-27,completed
250.0,532.0,Product_4,404.25,04/01/2026,Complete
,499.0,Product_65,279.15,2024-05-07,done
252.0,23.0,Product_59,423.37,05/02/2025,canceled
253.0,105.0,Product_4,743.2,2025-04-21,completed
254.0,465.0,Product_64,499.69,2024-04-30,refunded
255.0,,Product_43,481.47,2025-11-02,completed
256.0,289.0,Product_17,870.77,21/07/2024,canceled
257.0,448.0,Product_65,159.96,2025-10-04,Complete
258.0,270.0,Product_67,,29/09/2025,refunded
259.0,342.0,Product_14,739.27,20/11/2025,Complete
260.0,145.0,Product_33,944.69,2024-07-07,refunded
261.0,528.0,Product_14,193.63,05-10-2024,refunded
262.0,350.0,Product_43,601.98,09-08-2025,refunded
263.0,233.0,Product_3,146.35,2025-09-27,refunded
264.0,33.0,Product_30,841.16,2024-07-14,refunded
265.0,325.0,Product_55,,10-09-2024,refunded
266.0,266.0,Product_33,695.22,22/01/2026,done
267.0,85.0,Product_67,32.4,2026-01-20,canceled
268.0,425.0,Product_57,,2024-10-08,done
269.0,57.0,Product_51,598.3,2026-03-01,completed
270.0,94.0,Product_64,341.62,2025-07-25,done
271.0,291.0,Product_60,821.82,05/01/2026,refunded
272.0,265.0,Product_51,191.51,29/07/2025,done
,282.0,Product_12,416.36,23/01/2025,completed
274.0,75.0,Product_56,,02-02-2026,pending
275.0,306.0,Product_34,47.4,02-01-2026,done
276.0,485.0,Product_50,660.22,2024-07-30,Complete
277.0,446.0,Product_18,95.62,13/08/2025,pending
278.0,,Product_31,52.83,19/06/2024,pending
279.0,447.0,Product_12,782.25,2024-09-02,refunded
280.0,43.0,Product_69,980.04,12-01-2024,Complete
281.0,10.0,Product_14,176.26,29/11/2025,pending
282.0,,Product_40,566.13,2026-02-12,done
283.0,317.0,Product_12,170.77,08-25-2024,done
284.0,468.0,Product_44,717.46,05-04-2024,canceled
285.0,237.0,Product_29,176.04,11-21-2024,completed
286.0,25.0,Product_14,,07/02/2026,Complete
287.0,441.0,Product_51,62.84,09-14-2024,Complete
288.0,354.0,Product_48,258.68,2025-10-08,completed
289.0,,Product_55,828.62,04-11-2025,refunded
290.0,458.0,Product_21,100.42,2025-12-11,completed
291.0,343.0,Product_31,,2025-03-28,canceled
292.0,282.0,Product_15,27.05,2025-01-16,pending
293.0,484.0,Product_25,934.7,07-14-2025,completed
294.0,270.0,Product_48,,05-30-2025,canceled
295.0,22.0,Product_40,558.03,09-21-2024,pending
296.0,459.0,Product_53,839.38,10-04-2025,canceled
297.0,373.0,Product_52,297.26,11-02-2025,Complete
298.0,392.0,Product_5,410.55,2024-11-03,completed
299.0,67.0,Product_59,880.27,01-09-2025,completed
300.0,5.0,Product_39,19.53,2025-12-20,completed
301.0,132.0,Product_25,151.29,01-30-2025,done
302.0,310.0,Product_50,590.78,01-22-2026,refunded
303.0,375.0,Product_26,800.17,14/10/2025,done
304.0,141.0,Product_70,305.01,2025-02-18,canceled
,441.0,Product_16,116.05,11-18-2024,done
306.0,,Product_4,531.34,2024-05-14,done
307.0,129.0,Product_34,741.29,05/12/2024,pending
308.0,371.0,Product_63,481.2,28/04/2024,pending
309.0,102.0,Product_35,818.4,01-07-2025,completed
310.0,410.0,Product_23,,2025-09-09,refunded
311.0,108.0,Product_21,446.22,11/08/2025,refunded
312.0,193.0,Product_33,884.44,2025-04-26,refunded
313.0,284.0,Product_48,387.6,2026-02-09,pending
314.0,177.0,Product_27,398.04,2024-09-17,done
315.0,540.0,Product_36,,2024-03-04,Complete
316.0,279.0,Product_33,69.88,2024-05-19,completed
317.0,517.0,Product_43,845.41,2025-10-19,canceled
318.0,142.0,Product_50,793.13,09-15-2024,refunded
319.0,245.0,Product_37,644.77,22/02/2025,canceled
320.0,340.0,Product_34,893.37,2025-12-12,pending
,366.0,Product_10,975.97,06-05-2025,canceled
322.0,465.0,Product_35,714.3,22/12/2025,canceled
323.0,547.0,Product_27,415.33,10-18-2024,completed
324.0,261.0,Product_24,302.12,2025-09-04,Complete
325.0,279.0,Product_23,605.26,2025-07-16,refunded
326.0,321.0,Product_21,,03-08-2025,completed
327.0,63.0,Product_64,,04-03-2025,canceled
328.0,261.0,Product_20,133.03,2025-05-20,refunded
329.0,41.0,Product_46,79.17,09-22-2025,done
330.0,44.0,Product_42,266.73,2026-02-02,completed
331.0,177.0,Product_56,662.23,2025-11-28,canceled
332.0,458.0,Product_36,564.5,2025-11-28,completed
333.0,459.0,Product_52,128.48,08-16-2024,canceled
334.0,251.0,Product_17,769.45,03-06-2024,done
335.0,183.0,Product_55,360.64,2024-08-15,done
336.0,306.0,Product_38,981.64,2025-04-05,done
337.0,284.0,Product_17,577.6,01/05/2025,completed
338.0,540.0,Product_66,307.86,10/09/2024,completed
339.0,341.0,Product_26,60.3,10-03-2025,pending
340.0,417.0,Product_22,,2025-05-08,pending
341.0,373.0,Product_50,720.06,01-24-2026,completed
342.0,67.0,Product_65,605.22,02/03/2024,refunded
343.0,124.0,Product_11,554.47,2024-12-20,pending
344.0,442.0,Product_65,813.06,04-22-2024,completed
345.0,433.0,Product_24,87.55,06/01/2026,done
346.0,503.0,Product_41,101.38,2025-01-02,canceled
347.0,485.0,Product_4,388.34,05/02/2025,done
348.0,352.0,Product_8,655.18,2024-11-11,pending
349.0,287.0,Product_49,598.98,2025-10-11,completed
350.0,530.0,Product_65,992.51,11-23-2024,completed
351.0,293.0,Product_62,998.49,10-11-2024,pending
352.0,133.0,Product_14,769.77,06-06-2024,refunded
353.0,61.0,Product_30,397.59,2025-03-21,canceled
354.0,207.0,Product_44,96.39,2025-12-05,done
355.0,79.0,Product_23,639.71,04/01/2026,pending
356.0,345.0,Product_44,667.03,12/04/2024,refunded
357.0,75.0,Product_19,82.38,25/06/2024,pending
358.0,395.0,Product_1,860.63,30/08/2025,canceled
359.0,187.0,Product_30,655.5,08/11/2024,canceled
360.0,201.0,Product_3,563.41,01-13-2025,Complete
361.0,,Product_46,394.13,2025-04-30,Complete
362.0,238.0,Product_23,,2024-10-06,done
363.0,418.0,Product_2,,03-07-2024,refunded
364.0,372.0,Product_33,139.26,08-11-2025,refunded
365.0,154.0,Product_32,143.41,03-10-2024,pending
366.0,100.0,Product_13,564.53,01-07-2026,canceled
367.0,,Product_55,458.88,07-13-2024,canceled
368.0,547.0,Product_1,,07-01-2025,Complete
369.0,143.0,Product_27,406.79,2024-04-01,done
370.0,411.0,Product_5,276.68,18/10/2024,Complete
371.0,69.0,Product_53,231.74,2025-02-24,done
372.0,189.0,Product_30,351.75,05/05/2025,done
373.0,,Product_65,598.91,05-10-2024,done
374.0,168.0,Product_1,587.84,08-30-2025,refunded
375.0,449.0,Product_4,974.47,2025-09-29,completed
376.0,486.0,Product_39,773.81,17/03/2025,completed
377.0,141.0,Product_30,866.37,12-10-2025,Complete
378.0,280.0,Product_12,763.35,07-02-2025,completed
379.0,179.0,Product_56,207.89,08/02/2026,done
380.0,393.0,Product_30,131.68,2025-03-01,done
381.0,205.0,Product_66,21.8,07-08-2025,canceled
382.0,414.0,Product_61,512.85,23/01/2025,completed
383.0,65.0,Product_60,972.68,09/02/2026,refunded
384.0,404.0,Product_15,840.86,06-22-2025,Complete
385.0,303.0,Product_28,,2024-10-02,pending
386.0,465.0,Product_51,613.92,07-25-2025,Complete
387.0,179.0,Product_17,868.19,2024-03-29,Complete
388.0,503.0,Product_52,923.26,24/11/2024,canceled
389.0,55.0,Product_37,984.55,2024-09-21,completed
390.0,4.0,Product_38,,28/02/2026,pending
391.0,361.0,Product_61,,2024-07-17,done
392.0,378.0,Product_51,,02-08-2026,completed
393.0,172.0,Product_54,740.5,23/05/2025,completed
394.0,157.0,Product_35,544.78,09-11-2024,completed
395.0,454.0,Product_53,946.35,2024-11-12,done
396.0,535.0,Product_13,,2024-08-19,Complete
397.0,443.0,Product_58,461.84,04-19-2025,canceled
398.0,433.0,Product_33,,11-24-2025,pending
399.0,286.0,Product_53,149.94,07-15-2025,done
400.0,517.0,Product_48,620.4,2024-06-19,canceled
401.0,494.0,Product_12,,02-17-2025,done
402.0,209.0,Product_68,417.69,11-25-2024,Complete
403.0,380.0,Product_41,328.64,01-15-2026,refunded
404.0,407.0,Product_51,657.9,05-04-2025,refunded
405.0,126.0,Product_4,70.79,2025-01-06,done
406.0,207.0,Product_16,763.42,14/08/2024,Complete
407.0,496.0,Product_22,966.77,27/01/2025,canceled
408.0,520.0,Product_16,855.89,2025-05-08,done
409.0,253.0,Product_54,,05/07/2024,completed
410.0,542.0,Product_24,26.27,07-14-2025,refunded
411.0,24.0,Product_5,741.98,01-09-2025,completed
412.0,497.0,Product_70,624.17,05-03-2025,pending
413.0,,Product_7,937.79,2025-08-27,pending
414.0,305.0,Product_6,235.49,02/01/2025,Complete
415.0,194.0,Product_41,,20/02/2025,canceled
416.0,542.0,Product_53,696.71,2024-03-14,done
417.0,528.0,Product_29,35.65,26/11/2025,refunded
418.0,282.0,Product_23,614.41,25/11/2025,Complete
419.0,,Product_61,901.85,13/05/2025,canceled
420.0,336.0,Product_66,763.7,28/08/2024,Complete
421.0,229.0,Product_70,177.32,2025-04-04,refunded
422.0,209.0,Product_26,728.02,2025-02-14,Complete
423.0,275.0,Product_29,653.9,08-20-2024,done
424.0,390.0,Product_41,378.14,06-15-2025,refunded
425.0,173.0,Product_27,516.23,2025-02-14,done
426.0,286.0,Product_5,932.88,11-18-2025,canceled
427.0,216.0,Product_12,978.28,04/05/2024,completed
428.0,,Product_18,,2024-08-28,completed
429.0,239.0,Product_51,314.29,04-11-2025,pending
430.0,47.0,Product_24,386.8,11/05/2024,pending
431.0,496.0,Product_7,513.09,2024-07-18,canceled
432.0,161.0,Product_27,158.83,2025-02-02,done
433.0,459.0,Product_8,917.32,10-23-2025,completed
434.0,465.0,Product_69,410.9,23/07/2024,refunded
435.0,520.0,Product_68,853.07,02-28-2026,canceled
436.0,297.0,Product_5,442.13,21/08/2024,refunded
437.0,471.0,Product_47,191.26,12-08-2025,pending
438.0,532.0,Product_55,442.4,01/07/2025,Complete
439.0,353.0,Product_67,729.51,08-16-2024,canceled
440.0,,Product_31,519.19,02-27-2026,refunded
441.0,,Product_27,392.72,07/06/2025,completed
442.0,344.0,Product_32,308.52,07-11-2024,done
443.0,349.0,Product_34,649.54,06-27-2024,Complete
444.0,263.0,Product_48,626.06,03-12-2025,pending
445.0,264.0,Product_11,678.82,08/01/2026,Complete
446.0,337.0,Product_41,,25/05/2024,refunded
447.0,88.0,Product_23,431.61,07-25-2025,canceled
448.0,292.0,Product_43,58.28,29/11/2025,completed
449.0,206.0,Product_1,,12-18-2024,pending
450.0,252.0,Product_13,582.57,08/05/2024,pending
451.0,210.0,Product_40,237.66,2024-05-31,done
452.0,127.0,Product_24,635.99,09/01/2026,completed
453.0,22.0,Product_3,129.51,2024-12-02,completed
454.0,487.0,Product_68,397.23,11-04-2025,done
455.0,,Product_26,450.44,2024-10-10,refunded
456.0,371.0,Product_52,14.79,05-02-2024,completed
457.0,432.0,Product_46,809.95,2025-04-24,canceled
458.0,284.0,Product_58,320.47,31/07/2025,Complete
459.0,404.0,Product_42,233.58,06-25-2024,Complete
460.0,478.0,Product_49,473.2,09/01/2025,pending
461.0,11.0,Product_62,,11-07-2025,Complete
462.0,133.0,Product_31,471.05,07-16-2024,done
463.0,448.0,Product_49,144.26,12-22-2024,completed
464.0,113.0,Product_61,839.05,09-01-2025,refunded
465.0,412.0,Product_49,675.41,25/10/2024,refunded
466.0,477.0,Product_22,806.77,16/03/2024,Complete
467.0,73.0,Product_40,961.42,02/05/2025,completed
468.0,66.0,Product_4,966.94,2024-12-19,canceled
469.0,414.0,Product_28,592.92,2025-12-20,canceled
470.0,103.0,Product_36,546.81,04-12-2024,pending
471.0,240.0,Product_48,247.01,2025-11-25,refunded
472.0,488.0,Product_5,220.87,21/01/2025,pending
473.0,322.0,Product_62,387.0,02-17-2025,canceled
474.0,469.0,Product_25,888.66,10-12-2025,completed
475.0,368.0,Product_22,703.41,2025-08-21,completed
476.0,385.0,Product_6,,2024-04-02,done
477.0,320.0,Product_19,455.17,2026-01-16,completed
,383.0,Product_8,837.88,2025-12-27,Complete
479.0,422.0,Product_38,798.71,2025-11-03,canceled
480.0,528.0,Product_27,441.57,2026-01-10,refunded
481.0,315.0,Product_10,370.13,09-20-2025,refunded
482.0,57.0,Product_21,254.79,2025-01-09,completed
483.0,25.0,Product_24,199.94,28/01/2026,done
484.0,508.0,Product_6,471.43,22/04/2024,refunded
485.0,338.0,Product_7,497.59,01-19-2025,Complete
486.0,113.0,Product_62,393.75,06-27-2024,refunded
487.0,247.0,Product_65,,03/09/2024,completed
488.0,417.0,Product_47,866.26,27/11/2024,pending
489.0,533.0,Product_53,330.13,03/11/2024,done
490.0,450.0,Product_65,913.53,09-20-2024,refunded
491.0,4.0,Product_25,128.76,10-10-2025,refunded
492.0,93.0,Product_65,275.38,2026-01-07,canceled
493.0,78.0,Product_51,628.19,04/12/2025,canceled
494.0,389.0,Product_69,950.97,2024-10-03,refunded
495.0,183.0,Product_68,726.15,01-08-2025,Complete
496.0,112.0,Product_64,252.57,14/07/2024,refunded
497.0,363.0,Product_22,,09/12/2025,refunded
498.0,130.0,Product_69,715.26,23/02/2026,completed
,407.0,Product_59,848.47,05/06/2024,pending
500.0,351.0,Product_30,395.06,2025-10-08,canceled
501.0,,Product_20,797.32,2025-04-17,completed
502.0,,Product_61,772.7,06-20-2024,completed
503.0,419.0,Product_23,666.14,21/12/2025,Complete
504.0,95.0,Product_54,713.97,18/01/2025,completed
505.0,25.0,Product_54,779.4,19/10/2025,canceled
506.0,547.0,Product_26,129.38,07-20-2025,canceled
,273.0,Product_63,812.4,13/05/2025,refunded
508.0,227.0,Product_56,980.44,06-20-2024,pending
509.0,170.0,Product_29,281.89,08/01/2025,canceled
510.0,388.0,Product_64,516.13,12-21-2024,canceled
511.0,8.0,Product_1,683.83,01-22-2026,pending
512.0,82.0,Product_32,809.13,2024-12-05,completed
513.0,368.0,Product_29,545.8,05-07-2024,completed
514.0,110.0,Product_35,99.74,12-10-2025,refunded
515.0,262.0,Product_67,54.38,2025-06-30,completed
516.0,379.0,Product_58,150.74,19/05/2024,refunded
517.0,185.0,Product_27,258.56,2025-10-09,done
518.0,152.0,Product_33,88.52,13/01/2025,refunded
519.0,527.0,Product_17,74.63,07-31-2025,completed
520.0,534.0,Product_39,,08-10-2024,refunded
521.0,,Product_41,302.54,2024-08-05,done
522.0,329.0,Product_53,,2024-08-01,pending
523.0,309.0,Product_47,666.9,2024-03-30,done
524.0,341.0,Product_55,479.36,09-16-2024,pending
525.0,,Product_62,483.45,02-03-2026,done
,125.0,Product_62,37.97,07/09/2025,done
527.0,71.0,Product_26,,14/06/2025,refunded
528.0,534.0,Product_49,381.86,2025-09-13,pending
529.0,303.0,Product_17,285.25,2024-10-18,refunded
530.0,485.0,Product_45,,10-14-2024,Complete
531.0,485.0,Product_47,488.44,2025-07-11,pending
532.0,176.0,Product_56,175.38,11-07-2024,refunded
533.0,100.0,Product_34,818.24,02/06/2024,canceled
534.0,160.0,Product_9,624.54,12-03-2025,completed
535.0,4.0,Product_3,452.39,10-19-2025,refunded
,283.0,Product_9,,29/09/2024,Complete
,34.0,Product_70,468.5,2025-07-05,pending
538.0,55.0,Product_18,404.01,2025-04-01,Complete
,159.0,Product_30,671.87,29/12/2024,refunded
540.0,86.0,Product_62,,2025-06-18,completed
541.0,9.0,Product_44,170.99,22/09/2025,completed
542.0,275.0,Product_42,744.08,19/01/2026,completed
543.0,179.0,Product_17,134.45,2025-10-16,canceled
544.0,464.0,Product_20,142.33,27/05/2025,Complete
545.0,450.0,Product_33,53.07,08-08-2025,Complete
546.0,133.0,Product_56,,2024-04-08,pending
547.0,334.0,Product_6,65.52,05/11/2025,pending
,501.0,Product_27,953.86,10-11-2024,done
549.0,186.0,Product_61,653.76,2024-10-10,pending
550.0,209.0,Product_12,316.49,06/09/2024,completed
551.0,179.0,Product_30,998.46,2026-02-11,canceled
552.0,24.0,Product_9,243.03,05-21-2025,canceled
553.0,494.0,Product_45,908.2,05-24-2024,done
,,Product_64,,29/03/2025,completed
555.0,315.0,Product_7,789.32,07-03-2024,canceled
556.0,14.0,Product_62,931.33,05/08/2024,canceled
557.0,69.0,Product_55,,2024-03-03,Complete
558.0,433.0,Product_35,923.79,13/09/2025,refunded
559.0,414.0,Product_1,,2024-12-20,completed
560.0,,Product_11,130.02,20/12/2024,canceled
561.0,89.0,Product_60,583.76,2025-04-01,pending
562.0,448.0,Product_59,110.86,2025-03-12,Complete
,75.0,Product_1,364.97,02/03/2024,refunded
564.0,450.0,Product_27,,09-10-2024,refunded
565.0,113.0,Product_48,401.4,2025-05-31,Complete
566.0,526.0,Product_41,498.37,2025-09-15,done
567.0,487.0,Product_35,784.22,2025-10-29,canceled
568.0,450.0,Product_56,717.49,26/08/2025,Complete
569.0,375.0,Product_23,217.67,02-18-2025,refunded
570.0,377.0,Product_26,244.98,08-25-2025,pending
571.0,379.0,Product_1,476.77,01/10/2025,completed
572.0,116.0,Product_39,699.55,23/01/2026,done
573.0,1.0,Product_26,814.29,12-05-2024,refunded
574.0,73.0,Product_21,73.27,03/01/2025,completed
575.0,287.0,Product_60,99.01,2024-04-20,canceled
576.0,,Product_11,96.41,01/02/2025,refunded
577.0,84.0,Product_11,981.51,07/12/2025,Complete
578.0,159.0,Product_20,690.04,22/08/2025,Complete
579.0,247.0,Product_1,300.18,2024-04-10,completed
580.0,460.0,Product_64,953.25,20/08/2024,done
581.0,522.0,Product_17,736.83,29/04/2024,done
582.0,295.0,Product_55,859.97,2024-10-27,Complete
583.0,24.0,Product_61,552.42,09/11/2024,refunded
584.0,518.0,Product_60,964.18,2024-09-26,pending
585.0,81.0,Product_4,856.59,2025-04-27,canceled
586.0,164.0,Product_57,105.21,2026-02-15,refunded
587.0,494.0,Product_52,842.58,06-03-2025,refunded
588.0,357.0,Product_63,668.83,05-06-2025,done
589.0,133.0,Product_20,,05-04-2025,Complete
590.0,210.0,Product_24,799.02,2025-03-20,completed
591.0,15.0,Product_25,127.64,07-03-2025,completed
592.0,19.0,Product_51,863.67,04/10/2025,completed
593.0,435.0,Product_28,400.81,05-16-2024,done
594.0,172.0,Product_47,,02/01/2025,pending
595.0,413.0,Product_52,582.11,2025-03-26,done
596.0,506.0,Product_5,,20/09/2025,done
597.0,322.0,Product_7,846.55,18/12/2025,pending
598.0,370.0,Product_15,576.6,2024-05-30,Complete
599.0,62.0,Product_37,929.19,01/04/2025,canceled
600.0,493.0,Product_25,,2024-08-15,completed
601.0,345.0,Product_45,787.05,2024-10-15,completed
602.0,538.0,Product_27,230.69,2024-11-14,pending
603.0,365.0,Product_38,211.66,08/07/2025,completed
604.0,507.0,Product_7,,2025-12-24,pending
605.0,479.0,Product_47,987.26,14/02/2025,completed
606.0,198.0,Product_38,188.37,13/12/2025,refunded
607.0,334.0,Product_57,112.85,10-09-2024,canceled
608.0,542.0,Product_12,848.64,29/06/2025,completed
609.0,301.0,Product_66,794.72,06-22-2025,done
,281.0,Product_26,471.08,2025-05-24,refunded
611.0,234.0,Product_4,754.21,2024-07-27,done
612.0,366.0,Product_69,461.89,08-29-2024,completed
613.0,,Product_13,366.77,11-14-2025,refunded
614.0,91.0,Product_39,664.51,2025-09-10,completed
615.0,137.0,Product_50,208.4,2025-10-05,canceled
616.0,395.0,Product_51,,02/07/2025,canceled
617.0,85.0,Product_55,369.07,2024-04-19,completed
618.0,87.0,Product_61,538.18,02/05/2024,Complete
619.0,306.0,Product_70,606.7,06/09/2024,refunded
620.0,,Product_64,,03-16-2025,canceled
621.0,173.0,Product_68,489.36,12-30-2025,pending
622.0,486.0,Product_60,790.16,04-23-2025,refunded
623.0,75.0,Product_23,469.8,10-09-2024,Complete
624.0,445.0,Product_51,549.74,08-13-2025,canceled
625.0,532.0,Product_61,285.33,08-09-2024,pending
626.0,535.0,Product_45,270.39,2024-12-24,completed
627.0,61.0,Product_17,574.74,09/12/2025,completed
628.0,158.0,Product_40,541.14,08-14-2025,refunded
629.0,197.0,Product_25,966.29,14/03/2025,done
630.0,117.0,Product_38,,2025-01-24,done
631.0,301.0,Product_50,147.86,01-25-2025,done
632.0,81.0,Product_5,64.46,04-28-2024,pending
633.0,483.0,Product_52,373.29,27/11/2024,completed
634.0,271.0,Product_35,807.08,27/05/2024,refunded
635.0,350.0,Product_29,,19/01/2026,refunded
636.0,430.0,Product_50,683.01,2024-10-23,Complete
637.0,331.0,Product_65,767.83,2024-10-19,Complete
638.0,374.0,Product_57,777.32,2025-06-26,refunded
639.0,462.0,Product_37,792.69,05-17-2024,done
640.0,112.0,Product_15,936.71,22/09/2024,done
641.0,402.0,Product_53,736.3,2024-06-26,Complete
642.0,441.0,Product_63,972.15,2025-09-28,Complete
643.0,280.0,Product_65,284.05,2024-03-11,refunded
644.0,,Product_14,663.77,2024-12-17,pending
645.0,139.0,Product_50,913.89,2024-12-01,Complete
646.0,298.0,Product_19,200.27,11/09/2025,canceled
647.0,509.0,Product_46,372.45,09-11-2025,completed
648.0,107.0,Product_40,953.62,09-18-2024,done
649.0,255.0,Product_66,756.33,02/04/2025,done
650.0,42.0,Product_49,215.2,03-15-2024,done
651.0,260.0,Product_33,558.22,31/12/2024,done
652.0,380.0,Product_19,29.63,02-25-2025,pending
653.0,174.0,Product_15,260.15,04-08-2024,Complete
654.0,348.0,Product_68,331.68,13/02/2026,refunded
655.0,417.0,Product_20,338.28,06/11/2024,canceled
,512.0,Product_29,304.49,2025-02-02,completed
657.0,9.0,Product_26,426.21,10/07/2024,completed
658.0,248.0,Product_19,774.63,06-22-2025,Complete
659.0,71.0,Product_49,198.49,2024-09-07,completed
660.0,314.0,Product_53,,2025-08-08,completed
661.0,432.0,Product_23,767.98,2025-08-27,done
662.0,235.0,Product_47,,05-25-2024,done
663.0,463.0,Product_43,617.19,06/01/2025,completed
664.0,211.0,Product_49,716.38,2025-09-04,canceled
665.0,187.0,Product_8,924.31,02-09-2026,canceled
666.0,413.0,Product_53,207.63,10/11/2025,Complete
667.0,347.0,Product_32,275.34,08-17-2025,canceled
668.0,308.0,Product_39,855.05,2024-10-25,done
669.0,410.0,Product_14,575.4,07/04/2025,pending
670.0,267.0,Product_56,89.7,07-13-2024,completed
671.0,125.0,Product_17,,2024-04-17,pending
672.0,270.0,Product_59,623.35,02-21-2025,done
673.0,536.0,Product_8,414.44,2024-04-12,Complete
674.0,381.0,Product_57,623.51,26/04/2025,completed
675.0,475.0,Product_22,995.34,2024-09-20,Complete
676.0,305.0,Product_58,983.41,2024-06-04,refunded
677.0,411.0,Product_44,653.56,10-07-2025,Complete
678.0,29.0,Product_40,340.24,2024-11-13,refunded
679.0,274.0,Product_28,,02-08-2025,canceled
680.0,77.0,Product_43,34.59,08-21-2025,Complete
681.0,290.0,Product_15,633.13,2025-12-16,pending
,494.0,Product_56,886.54,17/07/2025,canceled
683.0,34.0,Product_17,860.17,24/07/2025,refunded
684.0,185.0,Product_68,804.5,2025-05-19,done
685.0,73.0,Product_20,411.18,03/05/2025,canceled
686.0,325.0,Product_67,962.03,2024-12-11,Complete
687.0,496.0,Product_69,102.32,01-28-2025,canceled
688.0,503.0,Product_22,275.27,2026-01-22,refunded
689.0,373.0,Product_11,786.26,13/09/2025,completed
690.0,308.0,Product_28,524.63,02/11/2025,done
691.0,36.0,Product_45,,09-26-2024,completed
692.0,37.0,Product_4,731.75,2025-05-08,Complete
693.0,211.0,Product_41,783.8,2025-05-27,done
694.0,298.0,Product_35,424.17,10-03-2025,completed
695.0,224.0,Product_8,29.11,2024-05-02,canceled
696.0,,Product_58,714.44,16/04/2025,completed
697.0,,Product_48,210.99,12-28-2025,Complete
698.0,,Product_42,460.18,2024-12-15,refunded
699.0,27.0,Product_36,547.2,10/12/2025,completed
700.0,203.0,Product_61,788.35,2025-03-15,completed
701.0,122.0,Product_26,524.05,28/03/2024,canceled
702.0,295.0,Product_6,779.18,2025-07-31,refunded
703.0,380.0,Product_32,696.31,08-29-2025,pending
704.0,127.0,Product_64,553.23,21/10/2025,done
705.0,231.0,Product_7,205.56,05-10-2025,canceled
706.0,491.0,Product_50,75.94,2025-04-04,done
707.0,320.0,Product_4,199.28,02/03/2025,refunded
708.0,433.0,Product_5,688.23,15/07/2024,canceled
709.0,73.0,Product_5,180.59,2025-10-04,Complete
710.0,,Product_58,11.91,03-15-2025,refunded
711.0,399.0,Product_15,,09/04/2025,pending
712.0,260.0,Product_57,53.51,07-26-2024,completed
713.0,276.0,Product_48,807.95,09-10-2024,completed
714.0,489.0,Product_2,504.29,09/05/2025,completed
715.0,106.0,Product_48,678.05,24/03/2025,refunded
716.0,479.0,Product_46,,12-16-2024,refunded
717.0,25.0,Product_8,15.77,10/08/2024,canceled
,526.0,Product_33,429.81,12-31-2024,refunded
719.0,247.0,Product_23,445.29,05-31-2024,canceled
720.0,531.0,Product_9,290.76,02-12-2026,refunded
721.0,44.0,Product_32,854.56,04-24-2025,completed
722.0,255.0,Product_38,127.01,2024-06-28,canceled
723.0,272.0,Product_18,637.66,07-17-2024,pending
724.0,300.0,Product_28,894.01,2024-06-16,done
725.0,,Product_33,931.65,04-12-2024,refunded
726.0,395.0,Product_46,101.42,2025-01-16,done
727.0,284.0,Product_47,353.89,07-13-2025,pending
728.0,141.0,Product_53,705.97,09-15-2025,completed
729.0,540.0,Product_37,754.68,2025-02-06,Complete
730.0,231.0,Product_2,316.38,01-18-2025,refunded
731.0,400.0,Product_25,405.55,2026-01-01,completed
732.0,259.0,Product_61,719.01,12-14-2025,Complete
733.0,473.0,Product_18,16.11,11-16-2024,pending
734.0,148.0,Product_34,423.86,24/08/2024,Complete
735.0,415.0,Product_1,,13/07/2025,done
736.0,137.0,Product_2,65.77,2025-03-28,refunded
737.0,101.0,Product_40,642.4,02-12-2026,completed
738.0,,Product_16,207.6,20/09/2024,Complete
739.0,327.0,Product_5,168.9,01-02-2025,completed
740.0,377.0,Product_1,544.29,2025-01-09,Complete
741.0,118.0,Product_62,536.65,2025-07-28,completed
742.0,471.0,Product_21,313.42,2024-04-13,completed
743.0,81.0,Product_33,182.18,2026-01-05,pending
744.0,122.0,Product_40,787.45,12-18-2025,completed
745.0,93.0,Product_44,888.77,06/10/2025,done
746.0,271.0,Product_3,359.77,20/08/2025,done
747.0,159.0,Product_57,909.37,21/11/2025,completed
748.0,261.0,Product_39,5.73,04-18-2024,pending
749.0,,Product_39,689.9,2024-06-29,refunded
750.0,449.0,Product_66,546.52,07-19-2024,pending
751.0,114.0,Product_23,941.04,2026-01-22,refunded
752.0,458.0,Product_3,922.68,13/12/2025,Complete
753.0,269.0,Product_32,223.44,2024-04-19,Complete
754.0,65.0,Product_38,,20/09/2024,canceled
755.0,,Product_7,947.97,11-16-2024,refunded
756.0,526.0,Product_6,368.17,2025-12-28,completed
757.0,139.0,Product_47,509.06,01/12/2025,Complete
758.0,10.0,Product_14,506.63,18/06/2024,canceled
759.0,352.0,Product_42,811.15,05-29-2024,Complete
760.0,340.0,Product_34,887.77,2025-05-20,refunded
761.0,207.0,Product_44,734.19,01-06-2025,canceled
762.0,236.0,Product_13,926.96,09/04/2024,pending
763.0,,Product_58,611.73,27/03/2024,Complete
764.0,171.0,Product_42,788.57,08-02-2024,Complete
765.0,479.0,Product_41,843.78,2025-12-27,pending
766.0,59.0,Product_10,783.32,2025-10-02,done
767.0,231.0,Product_60,525.15,01/07/2024,refunded
,299.0,Product_21,419.98,07-11-2024,canceled
769.0,24.0,Product_8,173.3,04-19-2024,refunded
770.0,543.0,Product_39,114.0,07-01-2025,completed
771.0,,Product_30,877.65,2025-05-31,completed
772.0,223.0,Product_36,848.54,03-23-2024,refunded
773.0,75.0,Product_57,899.77,2026-02-07,canceled
774.0,,Product_63,563.65,2025-10-28,completed
775.0,310.0,Product_66,648.14,17/07/2024,refunded
776.0,207.0,Product_24,288.69,08-02-2025,completed
777.0,432.0,Product_6,19.13,05-08-2024,pending
778.0,109.0,Product_30,933.79,2024-07-17,completed
779.0,203.0,Product_21,818.8,2025-12-24,done
780.0,315.0,Product_48,48.14,10/04/2024,refunded
781.0,383.0,Product_6,,07/09/2025,canceled
782.0,50.0,Product_59,305.58,08/07/2025,completed
783.0,170.0,Product_69,44.07,01-03-2025,refunded
784.0,34.0,Product_37,645.18,02/01/2025,refunded
785.0,166.0,Product_9,384.32,2024-06-19,canceled
786.0,515.0,Product_66,370.63,2024-04-08,pending
787.0,109.0,Product_52,296.6,01/06/2024,completed
788.0,384.0,Product_30,122.74,2025-07-22,Complete
789.0,312.0,Product_51,157.74,10-28-2025,canceled
790.0,78.0,Product_66,296.35,2026-02-04,completed
791.0,,Product_62,306.42,15/11/2025,canceled
792.0,458.0,Product_15,441.11,2025-08-04,done
,428.0,Product_8,544.69,2024-05-24,refunded
794.0,375.0,Product_1,985.99,11/06/2025,Complete
795.0,458.0,Product_17,59.4,07-03-2024,done
796.0,464.0,Product_53,730.82,21/02/2026,completed
797.0,302.0,Product_27,700.61,13/07/2025,done
798.0,17.0,Product_36,674.67,03-09-2025,Complete
799.0,137.0,Product_58,922.29,20/04/2025,refunded
800.0,489.0,Product_52,684.09,2024-03-17,Complete
801.0,282.0,Product_31,764.01,02-22-2026,done
802.0,411.0,Product_43,720.73,13/09/2024,pending
803.0,68.0,Product_60,527.44,11-04-2024,done
804.0,161.0,Product_45,5.12,09/02/2025,completed
805.0,221.0,Product_46,810.48,2025-08-23,completed
806.0,347.0,Product_5,182.35,29/12/2025,Complete
807.0,479.0,Product_44,31.17,03-08-2024,done
808.0,374.0,Product_63,,23/04/2025,Complete
809.0,141.0,Product_39,492.78,03-06-2024,canceled
810.0,118.0,Product_54,827.13,2024-08-30,done
811.0,502.0,Product_70,151.12,13/12/2025,refunded
812.0,501.0,Product_64,374.16,07-28-2025,Complete
,444.0,Product_4,746.56,29/08/2025,canceled
,531.0,Product_49,933.78,18/04/2025,done
815.0,448.0,Product_26,249.58,2024-07-09,refunded
816.0,125.0,Product_8,487.43,08-20-2024,canceled
817.0,317.0,Product_50,389.07,2025-05-22,Complete
818.0,86.0,Product_40,874.72,08-13-2024,pending
819.0,,Product_16,704.55,14/01/2026,Complete
820.0,58.0,Product_63,77.95,25/02/2026,completed
821.0,2.0,Product_43,373.82,28/11/2025,pending
822.0,282.0,Product_67,49.77,2025-12-16,done
823.0,247.0,Product_20,257.78,30/12/2024,refunded
824.0,129.0,Product_33,325.16,04-06-2025,pending
,502.0,Product_34,184.14,03-21-2025,canceled
826.0,137.0,Product_48,920.1,02/09/2025,canceled
827.0,55.0,Product_8,923.15,24/07/2024,done
828.0,526.0,Product_55,146.34,21/01/2025,completed
829.0,45.0,Product_67,896.85,16/07/2025,done
830.0,128.0,Product_57,855.36,10-07-2025,refunded
831.0,253.0,Product_54,454.58,04-06-2025,refunded
832.0,539.0,Product_27,945.78,04-02-2025,canceled
,25.0,Product_55,,05-22-2024,completed
834.0,531.0,Product_70,204.32,09-10-2024,done
835.0,364.0,Product_50,,14/12/2024,pending
836.0,93.0,Product_19,,04-03-2025,refunded
837.0,195.0,Product_60,331.37,15/10/2025,refunded
838.0,234.0,Product_6,123.03,11-27-2025,done
839.0,350.0,Product_31,,03/03/2024,completed
840.0,8.0,Product_30,853.85,20/05/2024,canceled
841.0,219.0,Product_44,237.54,03-06-2025,Complete
842.0,95.0,Product_55,285.52,07-13-2025,Complete
843.0,152.0,Product_54,290.99,01-19-2026,canceled
844.0,521.0,Product_40,18.16,2024-06-29,done
845.0,44.0,Product_14,709.93,18/08/2025,canceled
846.0,525.0,Product_62,475.27,08-31-2025,Complete
847.0,528.0,Product_52,160.33,2025-02-21,Complete
848.0,263.0,Product_9,406.75,18/02/2025,pending
849.0,156.0,Product_69,,18/01/2026,Complete
,471.0,Product_21,589.73,10-10-2024,refunded
851.0,485.0,Product_45,,01-20-2025,Complete
852.0,46.0,Product_57,31.58,05-30-2025,completed
853.0,518.0,Product_33,667.75,12-15-2024,canceled
854.0,265.0,Product_42,834.7,08-09-2024,done
855.0,,Product_18,371.89,07/09/2025,pending
856.0,327.0,Product_65,713.72,04-14-2025,canceled
857.0,369.0,Product_32,379.32,20/09/2024,Complete
858.0,299.0,Product_25,458.58,01/09/2025,canceled
859.0,81.0,Product_38,969.16,04-24-2024,done
860.0,65.0,Product_26,804.62,02-26-2025,Complete
861.0,343.0,Product_32,118.79,2024-12-25,done
862.0,106.0,Product_22,480.17,06-20-2024,completed
863.0,282.0,Product_68,525.89,2024-11-01,canceled
864.0,238.0,Product_15,,17/05/2025,completed
865.0,92.0,Product_9,400.14,2025-04-04,done
866.0,309.0,Product_69,180.4,28/08/2024,refunded
867.0,495.0,Product_29,539.44,09-17-2024,canceled
868.0,382.0,Product_70,162.63,2024-10-17,refunded
869.0,118.0,Product_18,483.24,10-14-2024,pending
870.0,33.0,Product_19,396.87,23/12/2025,completed
871.0,,Product_65,888.96,01-07-2026,pending
872.0,261.0,Product_58,44.23,08-12-2025,canceled
873.0,173.0,Product_53,346.68,07/03/2024,done
874.0,508.0,Product_16,577.11,2025-03-12,pending
875.0,430.0,Product_66,297.14,30/06/2024,refunded
876.0,461.0,Product_13,157.81,2025-03-10,refunded
877.0,295.0,Product_18,521.84,19/01/2025,completed
878.0,162.0,Product_4,999.27,2024-08-11,refunded
879.0,532.0,Product_56,478.72,11-12-2024,Complete
880.0,334.0,Product_12,,01-10-2025,completed
881.0,141.0,Product_22,305.86,2024-03-19,done
882.0,212.0,Product_48,536.9,28/12/2024,canceled
883.0,549.0,Product_70,952.3,2024-11-25,completed
884.0,538.0,Product_45,57.89,26/01/2026,Complete
885.0,475.0,Product_19,716.89,06-26-2025,done
886.0,117.0,Product_56,538.29,2024-04-24,pending
887.0,94.0,Product_5,519.18,2026-01-04,done
888.0,362.0,Product_24,565.16,2025-02-21,refunded
889.0,214.0,Product_48,680.51,2024-03-30,canceled
890.0,32.0,Product_19,459.79,07-07-2024,done
891.0,94.0,Product_25,159.66,05-12-2024,canceled
892.0,178.0,Product_52,,2024-04-21,completed
893.0,540.0,Product_23,805.33,09-10-2024,canceled
,307.0,Product_4,762.94,30/11/2025,completed
895.0,309.0,Product_59,581.82,12-28-2025,completed
896.0,252.0,Product_46,628.65,2025-02-25,Complete
897.0,93.0,Product_13,482.25,02-26-2026,Complete
898.0,481.0,Product_43,577.62,2024-09-28,Complete
899.0,96.0,Product_46,900.42,2025-08-13,pending
900.0,437.0,Product_47,487.88,14/06/2024,done
901.0,503.0,Product_60,,08-06-2024,done
902.0,112.0,Product_37,140.07,18/10/2024,refunded
903.0,,Product_16,47.62,2025-07-18,refunded
904.0,541.0,Product_11,229.74,2024-09-28,Complete
905.0,248.0,Product_70,,01-31-2025,done
906.0,,Product_41,933.39,01-27-2026,Complete
907.0,428.0,Product_59,761.28,2025-12-16,completed
908.0,224.0,Product_34,224.79,02/12/2024,done
909.0,498.0,Product_7,699.86,06-09-2024,refunded
910.0,314.0,Product_59,,02-03-2025,completed
911.0,,Product_63,,26/02/2025,canceled
912.0,76.0,Product_33,103.03,02-21-2025,done
913.0,74.0,Product_44,135.75,09-09-2025,canceled
914.0,325.0,Product_60,394.69,2025-09-05,Complete
,245.0,Product_14,829.73,26/10/2025,completed
916.0,178.0,Product_40,433.03,15/12/2024,canceled
917.0,135.0,Product_33,943.0,2024-09-07,completed
918.0,434.0,Product_10,31.37,2024-04-15,canceled
919.0,212.0,Product_33,150.35,18/07/2025,canceled
920.0,305.0,Product_1,927.74,2025-09-10,pending
921.0,264.0,Product_20,293.71,28/11/2025,pending
922.0,421.0,Product_67,326.6,07-03-2024,Complete
923.0,168.0,Product_14,875.81,03-02-2024,refunded
924.0,431.0,Product_9,438.23,2024-06-30,canceled
925.0,154.0,Product_30,576.82,13/12/2025,pending
926.0,384.0,Product_66,124.24,2024-09-17,pending
927.0,301.0,Product_32,249.16,07-08-2024,Complete
928.0,79.0,Product_22,787.58,2024-08-24,done
929.0,232.0,Product_63,266.65,2025-12-05,done
930.0,124.0,Product_14,539.88,2025-09-14,pending
931.0,475.0,Product_3,,08-20-2025,completed
932.0,20.0,Product_11,542.68,2025-02-23,Complete
933.0,509.0,Product_60,538.92,01-09-2025,done
,35.0,Product_43,579.08,02-04-2025,refunded
935.0,16.0,Product_70,439.79,2025-04-30,canceled
936.0,105.0,Product_67,740.9,30/10/2024,done
937.0,188.0,Product_69,446.09,13/01/2025,completed
938.0,539.0,Product_2,643.43,2025-06-29,done
939.0,71.0,Product_51,,10-19-2024,done
940.0,,Product_46,944.01,14/10/2025,canceled
941.0,350.0,Product_16,,2026-02-19,Complete
942.0,371.0,Product_36,808.27,2025-06-23,refunded
943.0,31.0,Product_31,410.77,14/03/2024,pending
944.0,120.0,Product_46,706.79,04-05-2025,done
945.0,228.0,Product_21,245.24,2025-01-20,done
946.0,385.0,Product_17,533.25,10-27-2024,pending
947.0,490.0,Product_30,755.97,09-05-2024,Complete
948.0,389.0,Product_10,643.28,2024-06-11,done
949.0,473.0,Product_58,475.28,2024-11-03,refunded
950.0,,Product_44,635.36,21/08/2025,done
951.0,381.0,Product_45,219.06,05/10/2024,Complete
952.0,48.0,Product_67,581.15,30/01/2026,completed
953.0,495.0,Product_27,462.81,10/10/2024,Complete
954.0,453.0,Product_20,153.91,2025-10-03,Complete
955.0,345.0,Product_24,416.97,08/06/2025,pending
956.0,105.0,Product_2,450.8,04/03/2024,pending
957.0,458.0,Product_35,302.94,21/08/2025,refunded
958.0,302.0,Product_23,125.69,2026-01-07,canceled
,82.0,Product_1,91.51,22/12/2024,done
960.0,476.0,Product_45,379.58,2025-06-05,refunded
961.0,547.0,Product_47,409.1,12/01/2025,done
962.0,346.0,Product_23,311.4,12-10-2025,done
963.0,72.0,Product_7,354.42,03-16-2025,Complete
,136.0,Product_10,612.8,2026-01-16,done
965.0,,Product_17,585.24,2026-02-10,Complete
966.0,137.0,Product_25,571.58,04/03/2024,completed
967.0,,Product_67,663.8,2025-06-11,pending
968.0,,Product_7,73.07,05-09-2024,refunded
969.0,37.0,Product_12,310.86,2025-06-04,pending
970.0,20.0,Product_6,,2025-08-15,done
971.0,35.0,Product_66,481.43,03/08/2024,completed
972.0,,Product_13,618.73,2025-06-10,completed
973.0,373.0,Product_7,518.84,2025-08-06,done
974.0,301.0,Product_42,229.34,12-23-2025,canceled
975.0,341.0,Product_44,600.85,12-29-2024,canceled
976.0,15.0,Product_59,48.01,08/08/2024,refunded
977.0,19.0,Product_51,96.77,2024-10-28,Complete
978.0,81.0,Product_23,808.76,06-25-2024,done
979.0,253.0,Product_62,926.41,23/10/2025,refunded
980.0,42.0,Product_27,606.1,2025-08-18,refunded
981.0,10.0,Product_63,105.74,21/06/2025,canceled
982.0,278.0,Product_30,376.97,12-29-2025,canceled
983.0,243.0,Product_55,132.81,05-22-2025,canceled
984.0,255.0,Product_8,190.12,16/08/2024,completed
985.0,180.0,Product_67,,10-11-2024,canceled
986.0,275.0,Product_7,135.26,17/05/2025,completed
987.0,320.0,Product_3,480.44,2025-10-30,completed
988.0,379.0,Product_70,476.61,06-24-2024,canceled
989.0,236.0,Product_33,49.06,09-26-2024,pending
990.0,266.0,Product_22,341.43,27/03/2024,Complete
991.0,406.0,Product_7,637.46,2024-05-05,completed
992.0,268.0,Product_70,,2024-08-20,Complete
993.0,,Product_68,907.76,04-07-2024,refunded
994.0,11.0,Product_39,920.67,17/11/2024,refunded
995.0,278.0,Product_19,944.02,2025-09-21,Complete
996.0,182.0,Product_4,284.58,2025-01-24,refunded
997.0,253.0,Product_63,,05-03-2024,completed
998.0,,Product_67,617.2,11-13-2025,completed
999.0,27.0,Product_51,630.0,06/10/2025,pending
1000.0,99.0,Product_65,676.52,09-19-2025,refunded
1001.0,,Product_52,196.82,25/08/2024,done
1002.0,30.0,Product_13,,20/10/2025,done
1003.0,353.0,Product_23,,22/12/2025,Complete
1004.0,320.0,Product_46,588.66,2025-06-11,done
1005.0,234.0,Product_9,467.05,2024-09-06,done
1006.0,160.0,Product_3,919.1,10-13-2024,done
1007.0,153.0,Product_1,495.92,2024-04-09,canceled
1008.0,73.0,Product_27,690.77,12-03-2024,pending
1009.0,,Product_17,645.92,2024-03-14,pending
1010.0,,Product_69,,2026-02-11,canceled
1011.0,234.0,Product_51,341.15,2024-12-09,completed
1012.0,331.0,Product_50,285.02,04-03-2025,pending
1013.0,131.0,Product_46,386.07,22/07/2024,pending
1014.0,,Product_15,147.17,06/02/2025,Complete
1015.0,30.0,Product_34,525.58,10/12/2025,refunded
1016.0,492.0,Product_47,991.87,2025-08-04,pending
1017.0,410.0,Product_43,253.57,06-13-2024,Complete
1018.0,229.0,Product_49,877.46,14/04/2024,refunded
1019.0,85.0,Product_8,645.15,21/01/2025,refunded
1020.0,28.0,Product_61,994.24,12/01/2025,Complete
1021.0,350.0,Product_1,208.12,2025-03-13,Complete
1022.0,294.0,Product_5,874.26,06-25-2024,canceled
,208.0,Product_62,537.54,10-17-2025,refunded
1024.0,481.0,Product_58,603.84,2025-08-20,Complete
1025.0,468.0,Product_68,594.36,2024-07-06,pending
1026.0,204.0,Product_65,594.59,07-18-2024,canceled
1027.0,224.0,Product_63,436.98,2026-02-23,refunded
1028.0,323.0,Product_65,,12-06-2024,completed
1029.0,202.0,Product_61,,2024-12-02,completed
1030.0,426.0,Product_20,758.48,28/08/2025,refunded
1031.0,,Product_5,722.56,05-13-2024,completed
1032.0,232.0,Product_33,,03-24-2024,pending
1033.0,,Product_4,637.58,2024-04-12,refunded
1034.0,491.0,Product_36,903.73,07-29-2024,canceled
1035.0,90.0,Product_31,718.47,15/11/2025,refunded
1036.0,412.0,Product_56,530.74,2024-05-27,Complete
1037.0,137.0,Product_48,509.2,23/04/2025,Complete
1038.0,140.0,Product_55,898.46,07-20-2025,pending
1039.0,402.0,Product_34,804.63,2024-08-14,completed
1040.0,151.0,Product_51,993.4,2024-12-03,canceled
1041.0,209.0,Product_46,496.96,03/10/2024,completed
1042.0,494.0,Product_62,598.98,11/09/2025,pending
1043.0,129.0,Product_66,51.61,09/08/2024,completed
1044.0,418.0,Product_56,972.82,05-08-2025,completed
1045.0,438.0,Product_15,982.88,27/10/2024,done
1046.0,156.0,Product_37,994.2,03-11-2025,Complete
1047.0,40.0,Product_47,,07-03-2025,completed
1048.0,458.0,Product_46,941.13,03-11-2025,completed
1049.0,315.0,Product_64,578.2,27/06/2025,Complete
1050.0,307.0,Product_37,565.88,06-24-2024,completed
1051.0,194.0,Product_19,619.64,07-09-2025,refunded
1052.0,356.0,Product_66,173.44,2024-08-09,pending
1053.0,7.0,Product_3,730.63,2024-05-31,pending
1054.0,233.0,Product_55,158.47,06/02/2026,Complete
1055.0,461.0,Product_38,755.8,04-05-2024,pending
1056.0,203.0,Product_31,706.07,2024-04-04,Complete
1057.0,,Product_27,,2025-10-18,canceled
1058.0,537.0,Product_18,397.56,12-27-2025,done
1059.0,490.0,Product_26,791.66,30/08/2024,completed
1060.0,107.0,Product_28,892.5,2024-11-03,canceled
1061.0,313.0,Product_38,381.42,04-06-2025,pending
1062.0,5.0,Product_68,830.79,2025-08-19,completed
1063.0,360.0,Product_7,267.52,03-26-2025,refunded
1064.0,455.0,Product_27,490.36,2025-01-24,Complete
1065.0,248.0,Product_53,278.6,2024-08-10,canceled
1066.0,219.0,Product_44,993.62,2024-03-04,canceled
1067.0,146.0,Product_38,121.62,19/09/2025,done
1068.0,265.0,Product_52,196.9,2024-10-14,done
1069.0,323.0,Product_52,42.04,2025-08-03,Complete
1070.0,415.0,Product_39,413.06,2026-01-07,Complete
1071.0,219.0,Product_5,46.67,2024-09-30,done
1072.0,546.0,Product_6,372.34,2025-06-30,refunded
1073.0,267.0,Product_32,889.2,2025-07-30,pending
1074.0,54.0,Product_23,118.51,01-18-2025,done
1075.0,373.0,Product_57,871.41,17/08/2024,completed
1076.0,483.0,Product_3,400.67,20/10/2025,canceled
1077.0,42.0,Product_13,401.19,2024-03-23,refunded
1078.0,423.0,Product_40,902.81,2024-11-24,done
1079.0,388.0,Product_68,552.08,03/07/2024,canceled
1080.0,493.0,Product_66,130.66,22/03/2025,canceled
1081.0,251.0,Product_54,359.94,03-15-2025,Complete
1082.0,315.0,Product_49,701.34,04/05/2025,Complete
1083.0,86.0,Product_27,955.89,28/12/2025,done
1084.0,32.0,Product_5,794.54,11-02-2024,pending
1085.0,,Product_38,473.56,06/01/2026,canceled
1086.0,,Product_41,327.21,29/08/2025,completed
1087.0,138.0,Product_58,404.55,01-12-2025,refunded
1088.0,107.0,Product_30,523.9,12-08-2024,completed
1089.0,10.0,Product_27,32.67,04-09-2024,canceled
1090.0,394.0,Product_58,437.72,06-09-2024,done
1091.0,95.0,Product_48,307.77,04/08/2025,pending
1092.0,,Product_4,171.66,2025-06-17,refunded
1093.0,,Product_52,994.41,2025-01-05,refunded
1094.0,241.0,Product_53,669.43,09-19-2025,canceled
1095.0,66.0,Product_35,677.2,12-30-2024,refunded
1096.0,441.0,Product_23,,24/05/2024,pending
1097.0,295.0,Product_25,388.34,2025-12-03,refunded
1098.0,358.0,Product_39,678.95,08-31-2025,done
1099.0,275.0,Product_5,,03-12-2025,pending
1100.0,348.0,Product_53,157.29,08-04-2024,Complete
1101.0,438.0,Product_39,561.25,2025-11-28,done
1102.0,349.0,Product_34,606.81,2026-02-15,canceled
1103.0,306.0,Product_21,587.19,03-20-2025,Complete
1104.0,322.0,Product_9,435.87,2024-08-22,completed
1105.0,65.0,Product_11,770.75,2025-06-09,canceled
1106.0,95.0,Product_15,467.79,11/07/2024,Complete
1107.0,340.0,Product_36,611.56,01-16-2026,canceled
1108.0,134.0,Product_25,898.84,09-04-2024,canceled
,74.0,Product_24,528.47,02-14-2026,refunded
1110.0,164.0,Product_37,874.63,28/08/2024,Complete
1111.0,332.0,Product_35,627.68,10-02-2024,canceled
1112.0,150.0,Product_69,,02/11/2024,canceled
1113.0,85.0,Product_43,185.14,08-04-2025,refunded
1114.0,393.0,Product_12,589.73,06/01/2025,refunded
,112.0,Product_2,,10-04-2024,done
1116.0,335.0,Product_23,559.44,2024-11-12,refunded
1117.0,20.0,Product_40,36.97,2025-08-22,completed
1118.0,433.0,Product_65,357.16,08-02-2024,pending
1119.0,240.0,Product_9,551.06,2024-06-17,canceled
1120.0,540.0,Product_29,307.15,07-08-2024,pending
1121.0,186.0,Product_13,207.89,18/01/2025,Complete
1122.0,220.0,Product_56,367.66,08/06/2025,pending
1123.0,225.0,Product_51,912.31,12-07-2025,done
1124.0,447.0,Product_57,233.26,08-12-2025,refunded
1125.0,476.0,Product_49,97.47,28/01/2026,pending
1126.0,13.0,Product_67,781.9,2024-05-19,completed
1127.0,521.0,Product_7,196.71,2025-04-21,canceled
1128.0,23.0,Product_12,411.0,12-09-2024,done
1129.0,264.0,Product_50,613.23,2024-05-27,canceled
1130.0,325.0,Product_59,190.59,2025-04-10,done
1131.0,227.0,Product_57,,10-29-2025,Complete
1132.0,,Product_69,661.61,11/05/2024,Complete
1133.0,406.0,Product_25,948.87,2024-04-23,pending
1134.0,57.0,Product_5,150.19,2026-01-14,canceled
1135.0,452.0,Product_10,522.6,04-09-2025,Complete
1136.0,500.0,Product_63,383.79,2024-03-06,pending
1137.0,164.0,Product_10,259.86,30/07/2025,done
1138.0,250.0,Product_19,167.56,2024-03-21,completed
1139.0,70.0,Product_25,,2024-11-23,canceled
1140.0,148.0,Product_64,170.17,2024-11-11,Complete
1141.0,439.0,Product_47,570.08,2025-12-08,completed
1142.0,290.0,Product_2,706.25,28/09/2025,completed
1143.0,88.0,Product_25,74.26,11/10/2024,Complete
1144.0,169.0,Product_61,673.22,24/07/2024,canceled
1145.0,107.0,Product_24,270.25,01-08-2026,done
1146.0,450.0,Product_24,,2024-05-12,Complete
1147.0,150.0,Product_27,404.24,07-25-2024,refunded
1148.0,54.0,Product_29,287.34,16/08/2024,refunded
1149.0,409.0,Product_22,,11-23-2024,Complete
1150.0,267.0,Product_43,20.03,2024-12-01,done
1151.0,312.0,Product_42,569.55,12/12/2025,pending
1152.0,2.0,Product_49,253.89,13/08/2025,completed
,273.0,Product_21,591.56,02-04-2026,canceled
1154.0,253.0,Product_57,666.73,2024-03-28,done
1155.0,249.0,Product_32,76.74,11-10-2025,done
1156.0,268.0,Product_6,384.43,18/11/2025,canceled
1157.0,438.0,Product_13,181.76,2026-02-28,Complete
1158.0,547.0,Product_45,940.3,2024-06-05,canceled
1159.0,249.0,Product_43,632.46,14/04/2024,done
1160.0,386.0,Product_69,629.73,01/10/2024,Complete
1161.0,290.0,Product_61,828.06,2025-10-17,Complete
1162.0,,Product_7,112.7,2025-11-19,pending
1163.0,547.0,Product_14,524.52,2024-10-08,pending
1164.0,187.0,Product_66,444.09,18/07/2025,Complete
1165.0,104.0,Product_47,916.12,01-28-2026,completed
1166.0,403.0,Product_21,,29/09/2024,completed
1167.0,11.0,Product_31,402.58,2024-03-22,completed
1168.0,447.0,Product_32,413.8,2024-06-19,done
1169.0,31.0,Product_42,,26/09/2024,pending
1170.0,13.0,Product_48,358.0,2024-07-02,pending
1171.0,290.0,Product_53,555.91,20/11/2024,pending
1172.0,259.0,Product_51,772.36,2025-04-10,refunded
1173.0,381.0,Product_27,937.14,12/04/2024,pending
1174.0,438.0,Product_20,896.28,05/04/2024,pending
1175.0,22.0,Product_39,,07-28-2025,completed
1176.0,158.0,Product_26,804.92,20/05/2024,Complete
1177.0,273.0,Product_54,76.39,2024-10-31,pending
1178.0,397.0,Product_41,372.2,05-24-2024,Complete
1179.0,490.0,Product_58,191.36,05-22-2025,canceled
1180.0,441.0,Product_45,197.74,09/04/2024,canceled
1181.0,253.0,Product_43,529.68,10-26-2024,done
1182.0,436.0,Product_39,837.96,12-03-2025,Complete
1183.0,120.0,Product_28,252.07,26/06/2024,pending
1184.0,3.0,Product_16,61.13,05-28-2024,done
1185.0,45.0,Product_55,943.01,11-02-2024,completed
1186.0,422.0,Product_24,164.52,10-03-2024,refunded
,114.0,Product_16,790.82,11-15-2025,pending
1188.0,17.0,Product_64,140.86,27/01/2025,completed
1189.0,287.0,Product_23,810.68,2025-03-13,Complete
1190.0,535.0,Product_1,50.38,07/06/2025,pending
1191.0,428.0,Product_14,163.65,27/02/2025,Complete
1192.0,530.0,Product_19,99.35,10-14-2025,Complete
1193.0,22.0,Product_63,462.62,2024-08-24,pending
1194.0,48.0,Product_45,840.87,03-25-2024,completed
1195.0,473.0,Product_2,995.05,2025-10-21,pending
1196.0,47.0,Product_69,,2025-07-25,refunded
1197.0,425.0,Product_11,952.53,25/12/2025,completed
1198.0,442.0,Product_2,131.99,07-17-2024,pending
1199.0,209.0,Product_34,,07/08/2024,refunded
1200.0,162.0,Product_21,942.15,10-26-2024,completed
